Issue ID,Issue Type,Summary,Description,Epic Name,Epic Link,Sprint,Priority,Labels,Component,Acceptance Criteria
1,Epic,Sprint 1 - Foundation,Khởi tạo dự án và vertical slice React + ASP.NET Core + PostgreSQL.,WH-EPIC-01,,Sprint 1 - Foundation,High,"workhub,ojt,scrum",Project Management,All linked Tasks are completed and meet the project's Definition of Done.
2,Task,Khởi tạo Git repository,"Thiết lập repository, main/develop, feature branch, .gitignore và README.",,WH-EPIC-01,Sprint 1 - Foundation,Medium,"workhub,ojt,sprint-1",Git,"Implementation completed, manually verified, reviewed, and tested/documented where applicable."
3,Task,Thiết lập Git workflow,"Quy ước commit, pull request, code review và merge; thử merge conflict.",,WH-EPIC-01,Sprint 1 - Foundation,Medium,"workhub,ojt,sprint-1",Git,"Implementation completed, manually verified, reviewed, and tested/documented where applicable."
4,Task,Thiết lập Jira Scrum board,"Tạo backlog, trạng thái To Do/In Progress/Code Review/Done và Sprint 1-7.",,WH-EPIC-01,Sprint 1 - Foundation,Medium,"workhub,ojt,sprint-1",Jira,"Implementation completed, manually verified, reviewed, and tested/documented where applicable."
5,Task,Tạo ASP.NET Core Web API,"Khởi tạo API project, Controllers, routing, dependency injection cơ bản và Swagger.",,WH-EPIC-01,Sprint 1 - Foundation,Medium,"workhub,ojt,sprint-1",.NET,"Implementation completed, manually verified, reviewed, and tested/documented where applicable."
6,Task,Thiết lập configuration,Tách connection string/config theo appsettings và environment variables.,,WH-EPIC-01,Sprint 1 - Foundation,Medium,"workhub,ojt,sprint-1",.NET,"Implementation completed, manually verified, reviewed, and tested/documented where applicable."
7,Task,Thiết lập EF Core + Npgsql,"Cài package, tạo DbContext, cấu hình PostgreSQL provider và connection.",,WH-EPIC-01,Sprint 1 - Foundation,Medium,"workhub,ojt,sprint-1",EF Core,"Implementation completed, manually verified, reviewed, and tested/documented where applicable."
8,Task,Tạo database migration đầu tiên,Tạo migration và update database; kiểm tra bằng pgAdmin.,,WH-EPIC-01,Sprint 1 - Foundation,Medium,"workhub,ojt,sprint-1",EF Core,"Implementation completed, manually verified, reviewed, and tested/documented where applicable."
9,Task,Thiết kế entity cơ bản,"Tạo User, Team, Project, Task với PK/FK và quan hệ cần thiết.",,WH-EPIC-01,Sprint 1 - Foundation,Medium,"workhub,ojt,sprint-1",Database,"Implementation completed, manually verified, reviewed, and tested/documented where applicable."
10,Task,Khởi tạo React + TypeScript,"Tạo frontend, JSX, Components, Props và State với cấu trúc thư mục rõ ràng.",,WH-EPIC-01,Sprint 1 - Foundation,Medium,"workhub,ojt,sprint-1",React,"Implementation completed, manually verified, reviewed, and tested/documented where applicable."
11,Task,Thiết lập Material UI,"Cài MUI và tạo App/Layout cơ bản, responsive shell.",,WH-EPIC-01,Sprint 1 - Foundation,Medium,"workhub,ojt,sprint-1",React,"Implementation completed, manually verified, reviewed, and tested/documented where applicable."
12,Task,Tạo Project API đầu tiên,Expose GET projects và trả response model đơn giản.,,WH-EPIC-01,Sprint 1 - Foundation,Medium,"workhub,ojt,sprint-1",REST API,"Implementation completed, manually verified, reviewed, and tested/documented where applicable."
13,Task,Tích hợp React với API,Gọi Project API bằng Axios/Fetch và render danh sách.,,WH-EPIC-01,Sprint 1 - Foundation,Medium,"workhub,ojt,sprint-1",React,"Implementation completed, manually verified, reviewed, and tested/documented where applicable."
14,Task,Thiết lập Postman collection,Tạo environment và request cho health/projects endpoint.,,WH-EPIC-01,Sprint 1 - Foundation,Medium,"workhub,ojt,sprint-1",Postman,"Implementation completed, manually verified, reviewed, and tested/documented where applicable."
15,Task,Hoàn thành vertical slice,Kiểm tra luồng React → API → EF Core → PostgreSQL → response.,,WH-EPIC-01,Sprint 1 - Foundation,Medium,"workhub,ojt,sprint-1",Integration,"Implementation completed, manually verified, reviewed, and tested/documented where applicable."
16,Epic,Sprint 2 - Authentication & Core CRUD,"Authentication, CRUD và nền tảng dữ liệu.",WH-EPIC-02,,Sprint 2 - Authentication & Core CRUD,High,"workhub,ojt,scrum",Project Management,All linked Tasks are completed and meet the project's Definition of Done.
17,Task,Tạo registration form,Form đăng ký với client validation và loading/error state.,,WH-EPIC-02,Sprint 2 - Authentication & Core CRUD,Medium,"workhub,ojt,sprint-2",React,"Implementation completed, manually verified, reviewed, and tested/documented where applicable."
18,Task,Tạo Register API,"Validate request, tạo User và trả HTTP status/response phù hợp.",,WH-EPIC-02,Sprint 2 - Authentication & Core CRUD,Medium,"workhub,ojt,sprint-2",.NET,"Implementation completed, manually verified, reviewed, and tested/documented where applicable."
19,Task,Hash password,Không lưu plain-text password; tạo service cho password hashing/verification.,,WH-EPIC-02,Sprint 2 - Authentication & Core CRUD,Medium,"workhub,ojt,sprint-2",Security,"Implementation completed, manually verified, reviewed, and tested/documented where applicable."
20,Task,Tạo Login API,Xác thực email/password và trả thông tin phiên theo thiết kế project.,,WH-EPIC-02,Sprint 2 - Authentication & Core CRUD,Medium,"workhub,ojt,sprint-2",Security,"Implementation completed, manually verified, reviewed, and tested/documented where applicable."
21,Task,Quản lý auth state,Dùng React Hooks để quản lý trạng thái đăng nhập và user hiện tại.,,WH-EPIC-02,Sprint 2 - Authentication & Core CRUD,Medium,"workhub,ojt,sprint-2",React,"Implementation completed, manually verified, reviewed, and tested/documented where applicable."
22,Task,Tạo Project CRUD API,POST/GET/PUT/DELETE Project với validation.,,WH-EPIC-02,Sprint 2 - Authentication & Core CRUD,Medium,"workhub,ojt,sprint-2",REST API,"Implementation completed, manually verified, reviewed, and tested/documented where applicable."
23,Task,Tạo Project CRUD UI,List/Create/Edit/Delete Project bằng MUI.,,WH-EPIC-02,Sprint 2 - Authentication & Core CRUD,Medium,"workhub,ojt,sprint-2",React,"Implementation completed, manually verified, reviewed, and tested/documented where applicable."
24,Task,Tạo Task CRUD API,CRUD Task có Project FK và Assignee FK.,,WH-EPIC-02,Sprint 2 - Authentication & Core CRUD,Medium,"workhub,ojt,sprint-2",REST API,"Implementation completed, manually verified, reviewed, and tested/documented where applicable."
25,Task,Tạo Task CRUD UI,Form/list/detail cho Task.,,WH-EPIC-02,Sprint 2 - Authentication & Core CRUD,Medium,"workhub,ojt,sprint-2",React,"Implementation completed, manually verified, reviewed, and tested/documented where applicable."
26,Task,EF Core migrations workflow,Thực hành migration add/update và kiểm soát schema thay đổi.,,WH-EPIC-02,Sprint 2 - Authentication & Core CRUD,Medium,"workhub,ojt,sprint-2",EF Core,"Implementation completed, manually verified, reviewed, and tested/documented where applicable."
27,Task,Seed development data,Tạo users/teams/projects/tasks mẫu để phát triển.,,WH-EPIC-02,Sprint 2 - Authentication & Core CRUD,Medium,"workhub,ojt,sprint-2",EF Core,"Implementation completed, manually verified, reviewed, and tested/documented where applicable."
28,Task,LINQ query practice,Viết Where/Select/Include/OrderBy và projection cho use cases.,,WH-EPIC-02,Sprint 2 - Authentication & Core CRUD,Medium,"workhub,ojt,sprint-2",LINQ,"Implementation completed, manually verified, reviewed, and tested/documented where applicable."
29,Task,Transaction use case,Thực hiện một nghiệp vụ nhiều bước có rollback khi lỗi.,,WH-EPIC-02,Sprint 2 - Authentication & Core CRUD,Medium,"workhub,ojt,sprint-2",EF Core,"Implementation completed, manually verified, reviewed, and tested/documented where applicable."
30,Task,PostgreSQL SQL practice,JOIN/GROUP BY/CTE và kiểm tra query plan của query quan trọng.,,WH-EPIC-02,Sprint 2 - Authentication & Core CRUD,Medium,"workhub,ojt,sprint-2",PostgreSQL,"Implementation completed, manually verified, reviewed, and tested/documented where applicable."
31,Task,Chuẩn hóa UI states,"Loading, empty, success và error state cho form/list.",,WH-EPIC-02,Sprint 2 - Authentication & Core CRUD,Medium,"workhub,ojt,sprint-2",React,"Implementation completed, manually verified, reviewed, and tested/documented where applicable."
32,Epic,Sprint 3 - Team Workflow & Security,"Team, authorization, validation, logging và error handling.",WH-EPIC-03,,Sprint 3 - Team Workflow & Security,High,"workhub,ojt,scrum",Project Management,All linked Tasks are completed and meet the project's Definition of Done.
33,Task,Thiết kế role model,Định nghĩa Admin/Manager/Member và rule truy cập.,,WH-EPIC-03,Sprint 3 - Team Workflow & Security,Medium,"workhub,ojt,sprint-3",Security,"Implementation completed, manually verified, reviewed, and tested/documented where applicable."
34,Task,Authentication middleware,Xác thực request và lấy current user.,,WH-EPIC-03,Sprint 3 - Team Workflow & Security,Medium,"workhub,ojt,sprint-3",.NET,"Implementation completed, manually verified, reviewed, and tested/documented where applicable."
35,Task,Authorization policies,Bảo vệ endpoint theo role/policy ở backend.,,WH-EPIC-03,Sprint 3 - Team Workflow & Security,Medium,"workhub,ojt,sprint-3",.NET,"Implementation completed, manually verified, reviewed, and tested/documented where applicable."
36,Task,Team CRUD API,Tạo/sửa/xóa/xem Team.,,WH-EPIC-03,Sprint 3 - Team Workflow & Security,Medium,"workhub,ojt,sprint-3",REST API,"Implementation completed, manually verified, reviewed, and tested/documented where applicable."
37,Task,Team management UI,Màn hình Team list/detail/create/edit bằng MUI.,,WH-EPIC-03,Sprint 3 - Team Workflow & Security,Medium,"workhub,ojt,sprint-3",React,"Implementation completed, manually verified, reviewed, and tested/documented where applicable."
38,Task,Team member API,Add/remove member với validation và business rules.,,WH-EPIC-03,Sprint 3 - Team Workflow & Security,Medium,"workhub,ojt,sprint-3",REST API,"Implementation completed, manually verified, reviewed, and tested/documented where applicable."
39,Task,Team member UI,Hiển thị và quản lý thành viên Team.,,WH-EPIC-03,Sprint 3 - Team Workflow & Security,Medium,"workhub,ojt,sprint-3",React,"Implementation completed, manually verified, reviewed, and tested/documented where applicable."
40,Task,Task assignment API,Manager/owner assign Task và kiểm tra authorization.,,WH-EPIC-03,Sprint 3 - Team Workflow & Security,Medium,"workhub,ojt,sprint-3",REST API,"Implementation completed, manually verified, reviewed, and tested/documented where applicable."
41,Task,Task assignment UI,Select member và xử lý loading/error state phù hợp.,,WH-EPIC-03,Sprint 3 - Team Workflow & Security,Medium,"workhub,ojt,sprint-3",React,"Implementation completed, manually verified, reviewed, and tested/documented where applicable."
42,Task,Task status workflow,Todo/InProgress/Review/Done/Cancelled với rules chuyển trạng thái.,,WH-EPIC-03,Sprint 3 - Team Workflow & Security,Medium,"workhub,ojt,sprint-3",Domain,"Implementation completed, manually verified, reviewed, and tested/documented where applicable."
43,Task,Global exception handling,Chuẩn hóa validation/not found/forbidden/business error response.,,WH-EPIC-03,Sprint 3 - Team Workflow & Security,Medium,"workhub,ojt,sprint-3",.NET,"Implementation completed, manually verified, reviewed, and tested/documented where applicable."
44,Task,Frontend error handling,Map API errors thành thông báo UI dễ hiểu.,,WH-EPIC-03,Sprint 3 - Team Workflow & Security,Medium,"workhub,ojt,sprint-3",React,"Implementation completed, manually verified, reviewed, and tested/documented where applicable."
45,Task,Structured logging,Log exception và nghiệp vụ quan trọng để debug.,,WH-EPIC-03,Sprint 3 - Team Workflow & Security,Medium,"workhub,ojt,sprint-3",Logging,"Implementation completed, manually verified, reviewed, and tested/documented where applicable."
46,Task,Validation FE/BE,Đảm bảo validation ở cả frontend và backend.,,WH-EPIC-03,Sprint 3 - Team Workflow & Security,Medium,"workhub,ojt,sprint-3",Validation,"Implementation completed, manually verified, reviewed, and tested/documented where applicable."
47,Task,Git PR + code review practice,Thực hiện feature branch → PR → review → merge.,,WH-EPIC-03,Sprint 3 - Team Workflow & Security,Medium,"workhub,ojt,sprint-3",Git,"Implementation completed, manually verified, reviewed, and tested/documented where applicable."
48,Epic,Sprint 4 - Advanced Frontend & API,"Dashboard, routing, pagination, caching và performance.",WH-EPIC-04,,Sprint 4 - Advanced Frontend & API,High,"workhub,ojt,scrum",Project Management,All linked Tasks are completed and meet the project's Definition of Done.
49,Task,Dashboard API,API trả thống kê Task/Project/overdue/activity.,,WH-EPIC-04,Sprint 4 - Advanced Frontend & API,Medium,"workhub,ojt,sprint-4",REST API,"Implementation completed, manually verified, reviewed, and tested/documented where applicable."
50,Task,Dashboard UI,Tạo dashboard bằng MUI.,,WH-EPIC-04,Sprint 4 - Advanced Frontend & API,Medium,"workhub,ojt,sprint-4",React,"Implementation completed, manually verified, reviewed, and tested/documented where applicable."
51,Task,Dynamic project routing,Route /projects/:id và xử lý invalid id.,,WH-EPIC-04,Sprint 4 - Advanced Frontend & API,Medium,"workhub,ojt,sprint-4",React,"Implementation completed, manually verified, reviewed, and tested/documented where applicable."
52,Task,Dynamic task routing,Route /tasks/:id và detail page.,,WH-EPIC-04,Sprint 4 - Advanced Frontend & API,Medium,"workhub,ojt,sprint-4",React,"Implementation completed, manually verified, reviewed, and tested/documented where applicable."
53,Task,Pagination API,page/pageSize và metadata tổng số records.,,WH-EPIC-04,Sprint 4 - Advanced Frontend & API,Medium,"workhub,ojt,sprint-4",REST API,"Implementation completed, manually verified, reviewed, and tested/documented where applicable."
54,Task,Pagination UI,Pagination component và giữ query state khi navigation.,,WH-EPIC-04,Sprint 4 - Advanced Frontend & API,Medium,"workhub,ojt,sprint-4",React,"Implementation completed, manually verified, reviewed, and tested/documented where applicable."
55,Task,Filtering & sorting API,Filter status/assignee và sort theo tiêu chí.,,WH-EPIC-04,Sprint 4 - Advanced Frontend & API,Medium,"workhub,ojt,sprint-4",REST API,"Implementation completed, manually verified, reviewed, and tested/documented where applicable."
56,Task,Filtering & sorting UI,Filter bar và sort control.,,WH-EPIC-04,Sprint 4 - Advanced Frontend & API,Medium,"workhub,ojt,sprint-4",React,"Implementation completed, manually verified, reviewed, and tested/documented where applicable."
57,Task,API caching,"Cache read-heavy data, expiration và invalidation sau mutation.",,WH-EPIC-04,Sprint 4 - Advanced Frontend & API,Medium,"workhub,ojt,sprint-4",Caching,"Implementation completed, manually verified, reviewed, and tested/documented where applicable."
58,Task,Lazy loading,Lazy load routes/modules và loading fallback.,,WH-EPIC-04,Sprint 4 - Advanced Frontend & API,Medium,"workhub,ojt,sprint-4",React,"Implementation completed, manually verified, reviewed, and tested/documented where applicable."
59,Task,Frontend performance tuning,"Giảm render dư thừa, request dư thừa và tối ưu list.",,WH-EPIC-04,Sprint 4 - Advanced Frontend & API,Medium,"workhub,ojt,sprint-4",Performance,"Implementation completed, manually verified, reviewed, and tested/documented where applicable."
60,Task,Unified request states,Chuẩn hóa loading/empty/error/retry.,,WH-EPIC-04,Sprint 4 - Advanced Frontend & API,Medium,"workhub,ojt,sprint-4",React,"Implementation completed, manually verified, reviewed, and tested/documented where applicable."
61,Task,Mở rộng Postman regression,"Auth, Team, Project, Task và error cases.",,WH-EPIC-04,Sprint 4 - Advanced Frontend & API,Medium,"workhub,ojt,sprint-4",Postman,"Implementation completed, manually verified, reviewed, and tested/documented where applicable."
62,Epic,Sprint 5 - Database Performance & Testing,Database performance và automated testing.,WH-EPIC-05,,Sprint 5 - Database Performance & Testing,High,"workhub,ojt,scrum",Project Management,All linked Tasks are completed and meet the project's Definition of Done.
63,Task,Phân tích query chậm,Xác định query phổ biến và dùng EXPLAIN/EXPLAIN ANALYZE.,,WH-EPIC-05,Sprint 5 - Database Performance & Testing,Medium,"workhub,ojt,sprint-5",PostgreSQL,"Implementation completed, manually verified, reviewed, and tested/documented where applicable."
64,Task,Tạo database indexes,Index cho foreign key/filter/sort phù hợp.,,WH-EPIC-05,Sprint 5 - Database Performance & Testing,Medium,"workhub,ojt,sprint-5",PostgreSQL,"Implementation completed, manually verified, reviewed, and tested/documented where applicable."
65,Task,So sánh execution plan,Đo trước/sau khi tạo index và ghi trade-off.,,WH-EPIC-05,Sprint 5 - Database Performance & Testing,Medium,"workhub,ojt,sprint-5",PostgreSQL,"Implementation completed, manually verified, reviewed, and tested/documented where applicable."
66,Task,Tạo PostgreSQL function,Tạo function/procedure phục vụ report hoặc nghiệp vụ tổng hợp.,,WH-EPIC-05,Sprint 5 - Database Performance & Testing,Medium,"workhub,ojt,sprint-5",PostgreSQL,"Implementation completed, manually verified, reviewed, and tested/documented where applicable."
67,Task,Gọi function từ backend,Tích hợp function/procedure từ ASP.NET Core.,,WH-EPIC-05,Sprint 5 - Database Performance & Testing,Medium,"workhub,ojt,sprint-5",EF Core,"Implementation completed, manually verified, reviewed, and tested/documented where applicable."
68,Task,Fix N+1/query shape,Tối ưu Include/projection/query shape.,,WH-EPIC-05,Sprint 5 - Database Performance & Testing,Medium,"workhub,ojt,sprint-5",EF Core,"Implementation completed, manually verified, reviewed, and tested/documented where applicable."
69,Task,Tối ưu pagination query,Đảm bảo API list không tải toàn bộ dataset.,,WH-EPIC-05,Sprint 5 - Database Performance & Testing,Medium,"workhub,ojt,sprint-5",Performance,"Implementation completed, manually verified, reviewed, and tested/documented where applicable."
70,Task,Backend unit tests,Test service/business rules/validation và error branches.,,WH-EPIC-05,Sprint 5 - Database Performance & Testing,Medium,"workhub,ojt,sprint-5",Testing,"Implementation completed, manually verified, reviewed, and tested/documented where applicable."
71,Task,Backend integration tests,Test endpoint + DB interaction + authorization.,,WH-EPIC-05,Sprint 5 - Database Performance & Testing,Medium,"workhub,ojt,sprint-5",Testing,"Implementation completed, manually verified, reviewed, and tested/documented where applicable."
72,Task,Frontend component tests,Test form validation và component states/interactions.,,WH-EPIC-05,Sprint 5 - Database Performance & Testing,Medium,"workhub,ojt,sprint-5",Testing,"Implementation completed, manually verified, reviewed, and tested/documented where applicable."
73,Task,Postman API tests,Tạo automated assertions cho response quan trọng.,,WH-EPIC-05,Sprint 5 - Database Performance & Testing,Medium,"workhub,ojt,sprint-5",Postman,"Implementation completed, manually verified, reviewed, and tested/documented where applicable."
74,Task,Bug ticket workflow,"Tạo bug trên Jira, link với Task và chạy retest.",,WH-EPIC-05,Sprint 5 - Database Performance & Testing,Medium,"workhub,ojt,sprint-5",Jira,"Implementation completed, manually verified, reviewed, and tested/documented where applicable."
75,Epic,Sprint 6 - Integration & Production-like Hardening,"Hoàn thiện module, security, UI/performance và tài liệu.",WH-EPIC-06,,Sprint 6 - Integration & Production-like Hardening,High,"workhub,ojt,scrum",Project Management,All linked Tasks are completed and meet the project's Definition of Done.
76,Task,Activity feed data model,Thiết kế activity event và bảng activities.,,WH-EPIC-06,Sprint 6 - Integration & Production-like Hardening,Medium,"workhub,ojt,sprint-6",Database,"Implementation completed, manually verified, reviewed, and tested/documented where applicable."
77,Task,Activity feed API,Read activity với pagination.,,WH-EPIC-06,Sprint 6 - Integration & Production-like Hardening,Medium,"workhub,ojt,sprint-6",REST API,"Implementation completed, manually verified, reviewed, and tested/documented where applicable."
78,Task,Activity feed UI,Hiển thị hoạt động theo thời gian.,,WH-EPIC-06,Sprint 6 - Integration & Production-like Hardening,Medium,"workhub,ojt,sprint-6",React,"Implementation completed, manually verified, reviewed, and tested/documented where applicable."
79,Task,Advanced search API,Keyword + filter Project/Task.,,WH-EPIC-06,Sprint 6 - Integration & Production-like Hardening,Medium,"workhub,ojt,sprint-6",REST API,"Implementation completed, manually verified, reviewed, and tested/documented where applicable."
80,Task,Advanced search UI,"Search box, filters và result states.",,WH-EPIC-06,Sprint 6 - Integration & Production-like Hardening,Medium,"workhub,ojt,sprint-6",React,"Implementation completed, manually verified, reviewed, and tested/documented where applicable."
81,Task,Audit fields,CreatedAt/UpdatedAt/CreatedBy/UpdatedBy.,,WH-EPIC-06,Sprint 6 - Integration & Production-like Hardening,Medium,"workhub,ojt,sprint-6",Database,"Implementation completed, manually verified, reviewed, and tested/documented where applicable."
82,Task,Task history,Ghi nhận các thay đổi trạng thái quan trọng.,,WH-EPIC-06,Sprint 6 - Integration & Production-like Hardening,Medium,"workhub,ojt,sprint-6",Audit,"Implementation completed, manually verified, reviewed, and tested/documented where applicable."
83,Task,Transient error handling,Retry phù hợp ở frontend và tránh duplicate mutation.,,WH-EPIC-06,Sprint 6 - Integration & Production-like Hardening,Medium,"workhub,ojt,sprint-6",Resilience,"Implementation completed, manually verified, reviewed, and tested/documented where applicable."
84,Task,Security review,"Review authorization bypass, input validation và data exposure.",,WH-EPIC-06,Sprint 6 - Integration & Production-like Hardening,Medium,"workhub,ojt,sprint-6",Security,"Implementation completed, manually verified, reviewed, and tested/documented where applicable."
85,Task,UI refinement,"Responsive, consistency, accessibility cơ bản.",,WH-EPIC-06,Sprint 6 - Integration & Production-like Hardening,Medium,"workhub,ojt,sprint-6",React,"Implementation completed, manually verified, reviewed, and tested/documented where applicable."
86,Task,Performance review,Đo API/page chính và tối ưu bottleneck.,,WH-EPIC-06,Sprint 6 - Integration & Production-like Hardening,Medium,"workhub,ojt,sprint-6",Performance,"Implementation completed, manually verified, reviewed, and tested/documented where applicable."
87,Task,Technical documentation v1,"Architecture, ERD, API, auth flow, setup và troubleshooting.",,WH-EPIC-06,Sprint 6 - Integration & Production-like Hardening,Medium,"workhub,ojt,sprint-6",Documentation,"Implementation completed, manually verified, reviewed, and tested/documented where applicable."
88,Epic,Sprint 7 - Release & Knowledge Base,"Release candidate, documentation, demo và retrospective.",WH-EPIC-07,,Sprint 7 - Release & Knowledge Base,High,"workhub,ojt,scrum",Project Management,All linked Tasks are completed and meet the project's Definition of Done.
89,Task,End-to-end regression,Chạy toàn bộ flow register/login → team → project → task → dashboard.,,WH-EPIC-07,Sprint 7 - Release & Knowledge Base,Medium,"workhub,ojt,sprint-7",Testing,"Implementation completed, manually verified, reviewed, and tested/documented where applicable."
90,Task,API contract review,"Rà soát endpoint, status code, DTO, validation và error contract.",,WH-EPIC-07,Sprint 7 - Release & Knowledge Base,Medium,"workhub,ojt,sprint-7",REST API,"Implementation completed, manually verified, reviewed, and tested/documented where applicable."
91,Task,Swagger/Postman cleanup,Cập nhật Swagger và Postman theo API contract cuối.,,WH-EPIC-07,Sprint 7 - Release & Knowledge Base,Medium,"workhub,ojt,sprint-7",Postman,"Implementation completed, manually verified, reviewed, and tested/documented where applicable."
92,Task,Environment configuration,Tách configuration theo environment và kiểm tra secret handling.,,WH-EPIC-07,Sprint 7 - Release & Knowledge Base,Medium,"workhub,ojt,sprint-7",.NET,"Implementation completed, manually verified, reviewed, and tested/documented where applicable."
93,Task,Database release migration,Kiểm tra migration/seed strategy trên database mới.,,WH-EPIC-07,Sprint 7 - Release & Knowledge Base,Medium,"workhub,ojt,sprint-7",EF Core,"Implementation completed, manually verified, reviewed, and tested/documented where applicable."
94,Task,Viết User Guide,Hướng dẫn các workflow cho người dùng.,,WH-EPIC-07,Sprint 7 - Release & Knowledge Base,Medium,"workhub,ojt,sprint-7",Documentation,"Implementation completed, manually verified, reviewed, and tested/documented where applicable."
95,Task,Technical Documentation v2,"Hoàn thiện architecture, dependencies, data flow, caching, testing, debugging.",,WH-EPIC-07,Sprint 7 - Release & Knowledge Base,Medium,"workhub,ojt,sprint-7",Documentation,"Implementation completed, manually verified, reviewed, and tested/documented where applicable."
96,Task,Demo preparation,Chuẩn bị demo script và acceptance criteria.,,WH-EPIC-07,Sprint 7 - Release & Knowledge Base,Medium,"workhub,ojt,sprint-7",Delivery,"Implementation completed, manually verified, reviewed, and tested/documented where applicable."
97,Task,Final bug fixing,Ưu tiên và đóng defect còn lại theo Definition of Done.,,WH-EPIC-07,Sprint 7 - Release & Knowledge Base,Medium,"workhub,ojt,sprint-7",Testing,"Implementation completed, manually verified, reviewed, and tested/documented where applicable."
98,Task,Jira cleanup,"Cập nhật status, link bug/task, close completed work.",,WH-EPIC-07,Sprint 7 - Release & Knowledge Base,Medium,"workhub,ojt,sprint-7",Jira,"Implementation completed, manually verified, reviewed, and tested/documented where applicable."
99,Task,Retrospective,Tổng hợp What went well / What to improve / Action items.,,WH-EPIC-07,Sprint 7 - Release & Knowledge Base,Medium,"workhub,ojt,sprint-7",Scrum,"Implementation completed, manually verified, reviewed, and tested/documented where applicable."
100,Task,Reusable technology cheat sheet,Tổng hợp ví dụ code và cách tra cứu React/.NET/EF/PostgreSQL/Git/Jira/Postman/testing.,,WH-EPIC-07,Sprint 7 - Release & Knowledge Base,Medium,"workhub,ojt,sprint-7",Knowledge,"Implementation completed, manually verified, reviewed, and tested/documented where applicable."
